Name,Address,Category,Organization Type,Description,Services,Career Fields,Student Connections,Website,Phone,Email,Record ID,Source
Experimental Aircraft Association Chapter 275,"Lompoc Airport, Lompoc, CA 93436",Aerospace & Technology,Community Organization,"Local aviation organization connection for career exploration, projects, and community outreach.",Aviation education • Aircraft projects • Young Eagles flights • Community events,Aviation • Aerospace • Engineering • Skilled trades,Career exploration • Mentorship inquiry,https://chapters.eaa.org/eaa275,,,LOM-EAA275,Momentum local business research; reviewed 2026-08
Northrop Grumman — Vandenberg,"Vandenberg Space Force Base, CA 93437",Aerospace & Technology,Business,Employer listing for Vandenberg-area career exploration; not an established student partner.,Engineering • Launch support • Program management • Technical operations,Aerospace engineering • Project management • Systems integration • Technical trades,Career-information inquiry only,https://jobs.northropgrumman.com/careers/%2A/united_states_california_vandenberg_afb?domain=ngc.com,,,LOM-NORTHROP,Official organization website; reviewed 2026-08
RGNext,Vandenberg SFB area,Aerospace & Technology,Business,Range operations and technical mission support.,Aerospace • Information technology • Engineering • Mission support,,,https://www.rgnext.com/,,,LOM-RGNEXT,Lompoc starter directory
SpaceX — Vandenberg,Vandenberg SFB area,Aerospace & Technology,Business,"Launch, engineering, and operations career exploration.",Aerospace • Engineering • Manufacturing • Operations,,,https://www.spacex.com/careers/,,,LOM-SPACE-X,Lompoc starter directory
The Aerospace Corporation — Vandenberg,"806 13th St, Bldg 7015, Vandenberg SFB, CA 93437",Aerospace & Technology,Nonprofit,Federally funded research and development organization with a Vandenberg location.,Systems engineering • Launch support • Space operations • Technical analysis,Systems engineering • Aerospace • Cybersecurity • Program management,Career-information inquiry only,https://aerospace.org/locations,805-737-0903,,LOM-AEROSPACE-CORP,Official organization website; reviewed 2026-08
United Launch Alliance — Vandenberg,"Vandenberg Space Force Base, CA 93437",Aerospace & Technology,Business,Vandenberg launch-operations employer; listing does not imply a student partnership.,Launch operations • Aerospace systems • Inventory • Technical operations,Aerospace engineering • Technician careers • Logistics • Systems testing,Career-information inquiry only,https://jobs.ulalaunch.com/go/VANDENBERG-SPACE-FORCE-BASE-JOBS/9545600/,,,LOM-ULA,Official organization website; reviewed 2026-08
Vandenberg Space Force Base,"Vandenberg SFB, CA",Aerospace & Technology,Government,Military and civilian aerospace career areas.,Aerospace • Cybersecurity • Engineering • Public safety • Logistics,,,https://www.vandenberg.spaceforce.mil/,,,LOM-SPACEFORCE,Lompoc starter directory
Animal Care Hospital — Lompoc,"1307A N H St, Suite A, Lompoc, CA 93436",Animals & Veterinary,Business,"Local veterinary hospital connection for career exploration, projects, and community outreach.",Veterinary medicine • Animal care • Client service • Clinic operations,Veterinary science • Animal care • Healthcare • Business,Career exploration • Veterinary job-shadow inquiry,https://achlompoc.com/,,,LOM-ANIMALCAREHOSP,Momentum local business research; reviewed 2026-08
Doggie Parlour,"Lompoc, CA",Animals & Veterinary,Business,Pet grooming and animal-care business.,Animal care • Grooming • Customer service • Small business,,,https://www.google.com/maps/search/?api=1&query=Doggie+Parlour+Lompoc+CA,,,LOM-DOGGROOM,Lompoc starter directory
Lompoc Animal Shelter,"1501 W Central Ave, Lompoc, CA 93436",Animals & Veterinary,Business,Animal care and shelter services.,Animal care • Veterinary support • Public service,,,https://www.countyofsb.org/845/Animal-Services,,,LOM-SHELTER,Lompoc starter directory
Petco — Lompoc,"Lompoc, CA 93436",Animals & Veterinary,Business,"Local pet retail & services connection for career exploration, projects, and community outreach.",Pet retail • Animal care • Grooming • Customer service,Animal care • Retail • Customer service • Business,Career exploration • Employment inquiry,https://stores.petco.com/ca/lompoc,,,LOM-PETCO,Momentum local business research; reviewed 2026-08
Return to Freedom Wild Horse Conservation,"4115 Jalama Rd, Lompoc, CA 93436",Animals & Veterinary,Nonprofit,Wild horse and burro sanctuary with recurring public volunteer days in Lompoc.,Wild horse sanctuary • Animal care • Conservation education • Advocacy • Volunteer days,Animal care • Environmental science • Nonprofit work • Education • Communications,Volunteer program • Career exploration,https://returntofreedom.org/,805-737-9246,volunteers@returntofreedom.org,LOM-RETURN-TO-FREEDOM,Momentum Lompoc directory v23.1.0
Village Veterinary Clinic,"Lompoc, CA",Animals & Veterinary,Business,Veterinary care and animal-health careers.,Animal care • Veterinary support • Customer service • Medical records,,,https://www.villagevetlompoc.com/,,,LOM-VILLAGEVET,Lompoc starter directory
Bella Florist & Gifts,"133 N I St, Lompoc, CA 93436","Arts, Culture & Media",Business,,Floral arrangements • Gift retail • Event support,Floral design • Retail • Customer service • Small business,Potential partner inquiry,https://www.bellafloristlompoc.com/,,,LOM-BELLA-FLORIST,Momentum local business research; reviewed 2026-08
Bumatay Jewelers,"111 W Ocean Ave, Lompoc, CA 93436","Arts, Culture & Media",Business,,Jewelry sales • Custom jewelry • Goldsmithing • Repair,Jewelry design • Metalwork • Retail • Small business,Potential partner inquiry,,805-736-4850,,LOM-BUMATAY,Lompoc Valley Chamber member directory; reviewed 2026-08
Certain Sparks Music,"107 S H St, Lompoc, CA 93436","Arts, Culture & Media",Business,"Local music school, store, recording studio, and performance space.",Music lessons • Music retail • Recording studio • Youth camps • Live events,Music • Audio production • Teaching • Retail • Event production,Creative career exploration • Project partner inquiry,https://certainsparks.com/,805-588-9479,,LOM-CERTAIN-SPARKS,Momentum Lompoc directory v23.1.0
Chapter Two Bookstore,"Lompoc, CA","Arts, Culture & Media",Business,Independent bookstore and community retail.,Books • Retail • Customer service,,,https://explorelompoc.com/directory/the-book-store/,,,LOM-CHAPTER2,Lompoc starter directory
Garcia Dance Studio,"1006 N H St, Lompoc, CA 93436","Arts, Culture & Media",Business,Local dance studio listed by the Lompoc Valley Chamber.,Dance instruction • Performance • Youth arts,Dance • Teaching • Choreography • Small business,Dance-teaching career inquiry,,805-717-9273,,LOM-GARCIA-DANCE,Lompoc Valley Chamber member directory; reviewed 2026-08
Inklings Printing Co.,"403 N G St, Lompoc, CA 93436","Arts, Culture & Media",Business,,Commercial printing • Design production • Customer service,Graphic design • Printing • Prepress • Sales • Small business,Potential partner inquiry,,805-736-2737,,LOM-INKLINGS-PRINTING,Lompoc Valley Chamber member directory; reviewed 2026-08
Lompoc Civic Theatre,"P.O. Box 69, Lompoc, CA 93438","Arts, Culture & Media",Nonprofit,Community theatre with creative and technical pathways.,Community theatre • Acting • Stagecraft • Production support,Acting • Directing • Costume design • Lighting • Set construction,Production volunteer inquiry • Theatre career conversation,https://www.lompoccivictheatre.com/,805-735-2281,,LOM-CIVIC-THEATRE,Lompoc Valley Chamber member directory; reviewed 2026-08
Lompoc Concert Association,"Lompoc, CA 93436","Arts, Culture & Media",Nonprofit,All-volunteer community concert association.,Live concerts • Artist booking • Event production • Volunteer coordination,Music • Event production • Marketing • Nonprofit management,Event volunteer inquiry • Behind-the-scenes career conversation,https://www.lompocconcert.org/,805-588-5971,,LOM-CONCERT-ASSOC,Official organization website; reviewed 2026-08
Lompoc Media Center / KPEG 100.9,"125 W Walnut Ave, Lompoc, CA 93436","Arts, Culture & Media",Government,City media center operating community television and radio services.,Community television • FM radio • Video production • Public access media,Broadcasting • Audio production • Video editing • Journalism • Public communication,Studio tour inquiry • Media-production career conversation,https://www.cityoflompoc.com/community/information/media-center,805-875-2750,,LOM-MEDIA-CENTER,City of Lompoc official website; reviewed 2026-08
Lompoc Mural and Public Arts Coalition,"1201-J E Ocean Ave, Lompoc, CA 93436","Arts, Culture & Media",Nonprofit,"Potential connection for mural, design, and civic-art projects.",Public art • Murals • Community beautification • Arts advocacy,Mural arts • Public art planning • Community engagement • Project management,Public-art project inquiry • Artist interview inquiry,https://members.lompoc.com/list/member/lompoc-mural-and-public-arts-coalition-1901,,,LOM-MURAL-COALITION,Lompoc Valley Chamber member directory; reviewed 2026-08
Lompoc Museum,"200 S H St, Lompoc, CA 93436","Arts, Culture & Media",Business,"Museum with local history, art, and photography.",History • Museums • Education • Art • Community service,,,https://explorelompoc.com/directory/lompoc-museum/,,,LOM-MUSEUM,Lompoc starter directory
Lompoc Pops Orchestra,"P.O. Box 1372, Lompoc, CA 93438","Arts, Culture & Media",Nonprofit,Professional and community orchestra based in the Lompoc Valley.,Orchestra performances • Concert production • Community music,Instrumental music • Conducting • Stage production • Arts administration,Rehearsal or musician interview inquiry,http://www.lompocpopsorchestra.com/,805-735-6463,,LOM-POPS-ORCHESTRA,Lompoc Valley Chamber member directory; reviewed 2026-08
Lompoc Record,"Lompoc, CA 93436","Arts, Culture & Media",Business,Local news publication serving the Lompoc Valley.,Local news • Photography • Advertising • Digital publishing,Journalism • Photography • Editing • Advertising • Web publishing,Reporter or editor interview inquiry,https://www.lompocrecord.com/,,,LOM-LOMPOC-RECORD,Official organization website; reviewed 2026-08
Lompoc Theatre Project,"238 N H St, Lompoc, CA 93436","Arts, Culture & Media",Nonprofit,Community nonprofit restoring the historic Lompoc Theatre as an arts and education center.,Historic theatre restoration • Performing arts • Community events • Fundraising • Volunteer coordination,Performing arts • Construction • Event production • Marketing • Nonprofit management,Volunteer inquiry • Creative project partnership,https://lompoctheatre.org/,,info@lompoctheatre.org,LOM-THEATRE-PROJECT,Momentum Lompoc directory v23.1.0
Lompoc Valley Art Association / Cypress Gallery,"119 E Cypress Ave, Lompoc, CA 93436","Arts, Culture & Media",Nonprofit,Local nonprofit gallery operated by artists; strong fit for creative career exploration.,Gallery operations • Local artist exhibitions • Ceramics • Photography • Jewelry and gift sales,Visual arts • Gallery management • Photography • Ceramics • Arts marketing,Artist conversation inquiry • Gallery or exhibit exploration,https://lompocart.org/,805-737-1129,,LOM-CYPRESS-ART,Official organization website; reviewed 2026-08
Lompoc Valley Florist & Home Decor,"322 N H St, Suite A, Lompoc, CA 93436","Arts, Culture & Media",Business,,Floral arrangements • Event design • Retail • Delivery,Floral design • Event planning • Retail • Entrepreneurship,Potential partner inquiry,https://www.google.com/maps/search/?api=1&query=Lompoc+Valley+Florist+%26+Home+Decor%2C+Lompoc%2C+CA,,,LOM-LOMPOC-FLORIST,Momentum local business research; reviewed 2026-08
Lompoc Valley Historical Society,"207 N L St, Lompoc, CA 93436","Arts, Culture & Media",Nonprofit,Volunteer-run organization preserving and interpreting Lompoc Valley history.,Local history • Archives • Museum exhibits • Tours • Volunteer operations,History • Archives • Museum studies • Education • Research,Volunteer inquiry • Local-history research partner,https://lompochistory.org/,805-735-4626,lompochistory@gmail.com,LOM-HISTORICAL-SOCIETY,Momentum Lompoc directory v23.1.0
Lompoc Valley Master Chorale,"P.O. Box 24, Lompoc, CA 93438","Arts, Culture & Media",Nonprofit,Community chorale and performing-arts organization.,Choral music • Concert production • Community performances,Music performance • Conducting • Arts administration • Event production,Rehearsal observation inquiry • Arts leadership conversation,https://www.lvmasterchorale.org/,805-735-5161,,LOM-MASTER-CHORALE,Lompoc Valley Chamber member directory; reviewed 2026-08
Lompoc Valley Pride Association,"Lompoc, CA","Arts, Culture & Media",Nonprofit,Community events and outreach organization.,Events • Community outreach • Advocacy • Volunteer service,,,https://www.lompocvalleypride.com/,,,LOM-LOMPOCPRIDE,Lompoc starter directory
New Lows,"Old Town Lompoc, CA 93436","Arts, Culture & Media",Business,"Local art, apparel, skateboard, and custom screen-printing business.",Art retail • Apparel • Skateboards • Custom screen printing • Community art events,Graphic design • Screen printing • Fashion • Retail • Entrepreneurship,Creative business exploration,https://explorelompoc.com/directory/new-lows/,,,LOM-NEW-LOWS,Momentum Lompoc directory v23.1.0
Prelado de los Tesoros de La Purísima,"2295 Purisima Rd, Lompoc, CA 93436","Arts, Culture & Media",Nonprofit,Volunteer-operated nonprofit partner supporting programs and preservation at La Purísima Mission.,Historic preservation • School programs • Docent support • Animal care support • Fundraising,History • Education • Museum studies • Preservation • Event planning,Volunteer inquiry • History project partner,https://www.lapurisimamission.org/,805-736-3606,,LOM-PRELADO,Momentum Lompoc directory v23.1.0
AutoZone,"701 N H St, Lompoc, CA 93436",Automotive & Transportation,Business,Automotive parts retail.,Auto parts • Sales • Inventory • Customer service,,,https://www.autozone.com/locations/ca/lompoc.html,,,LOM-AUTOZONE,Lompoc starter directory
City of Lompoc Transit,"1300 W Laurel Ave, Lompoc, CA 93436",Automotive & Transportation,Business,Public transportation services.,Transportation • Driving • Customer service • Maintenance,,,https://www.cityoflompoc.com/government/departments/public-works/transit,,,LOM-COLT,Lompoc starter directory
Conserv Fuel — Lompoc,"801 E Ocean Ave, Lompoc, CA 93436",Automotive & Transportation,Business,"Local fuel & convenience connection for career exploration, projects, and community outreach.",Fuel service • Convenience retail • Customer service • Site operations,Automotive • Retail • Business • Customer service,Career exploration • Employment inquiry,https://conservfuel.com/,,,LOM-CONSERVFUEL,Momentum local business research; reviewed 2026-08
Lompoc Airport,"1801 N H St, Lompoc, CA 93436",Automotive & Transportation,Government,,Airport operations • Aviation • Transportation infrastructure,Aviation • Airport management • Maintenance • Public works,Aviation career conversation inquiry,https://www.cityoflompoc.com/government/departments/public-works/transportation/lompoc-airport,805-875-8268,,LOM-AIRPORT,City of Lompoc official website; reviewed 2026-08
Lompoc Fuel,"1100 E Ocean Ave, Lompoc, CA 93436",Automotive & Transportation,Business,"Local fuel & convenience connection for career exploration, projects, and community outreach.",Fuel service • Convenience retail • Customer service • Site operations,Automotive • Retail • Business,Career exploration,https://www.google.com/maps/search/?api=1&query=Lompoc+Fuel%2C+Lompoc%2C+CA,,,LOM-LOMPOCFUEL,Momentum local business research; reviewed 2026-08
Lompoc Taxi,"Lompoc, CA 93436",Automotive & Transportation,Business,Local taxi service.,Transportation • Customer service • Dispatch,,,https://explorelompoc.com/directory/cabs/,,,LOM-CABS,Lompoc starter directory
O'Reilly Auto Parts,"511 W Central Ave, Lompoc, CA 93436",Automotive & Transportation,Business,Automotive parts and service support.,Auto parts • Sales • Inventory • Delivery,,,https://locations.oreillyauto.com/ca/lompoc/,,,LOM-OReilly,Lompoc starter directory
RocketTown Honda,"1224 N H St, Lompoc, CA 93436",Automotive & Transportation,Business,"Full-service local Honda dealership with sales, service, and parts departments.",Vehicle sales • Automotive service • Parts • Finance • Customer service,Automotive technology • Sales • Finance • Service advising • Business operations,Automotive career conversation inquiry,https://www.rockettownhonda.com/,805-741-2300,,LOM-ROCKETTOWN-HONDA,Momentum Lompoc directory v23.1.0
Stuart's Petroleum,"940 N H St, Lompoc, CA 93436",Automotive & Transportation,Business,"Local fuel & convenience connection for career exploration, projects, and community outreach.",Fuel service • Convenience retail • Customer service • Site operations,Automotive • Retail • Business,Career exploration,https://www.google.com/maps/search/?api=1&query=Stuart%27s+Petroleum%2C+Lompoc%2C+CA,,,LOM-STUARTSPETROLEUM,Momentum local business research; reviewed 2026-08
Sunset Auto Center,"1300 N H St, Lompoc, CA 93436",Automotive & Transportation,Business,"Local automotive sales & service connection for career exploration, projects, and community outreach.",Vehicle sales • Automotive service • Parts • Customer service,Automotive technology • Sales • Business • Customer service,Career exploration • Job-shadow inquiry,https://sunsetautocenter.com/,,,LOM-SUNSETAUTO,Momentum local business research; reviewed 2026-08
Toyota of Lompoc,"203 E Ocean Ave, Lompoc, CA 93436",Automotive & Transportation,Business,"Local Toyota dealership with sales, finance, parts, and service career areas.",Vehicle sales • Automotive service • Parts • Finance • Customer care,Automotive technology • Sales • Finance • Marketing • Management,Automotive career conversation inquiry,https://www.toyotaoflompoc.com/,805-736-1295,,LOM-TOYOTA,Momentum Lompoc directory v23.1.0
United States Postal Service — Lompoc,"801 W Ocean Ave, Lompoc, CA 93436",Automotive & Transportation,Government,"Postal, logistics, and customer-service careers.",Mail operations • Logistics • Customer service • Transportation,,,https://www.usps.com/,,,LOM-USPS,Lompoc starter directory
V&J Rock Transport,"Lompoc, CA 93438",Automotive & Transportation,Business,,Material transport • Trucking • Construction support,Commercial driving • Logistics • Heavy equipment • Dispatch,Potential partner inquiry,,805-736-2317,,LOM-VJ-ROCK,Lompoc Valley Chamber member directory; reviewed 2026-08
CoastHills Credit Union,"1320 N H St, Lompoc, CA 93436",Business & Finance,Business,Local credit union and financial-services careers.,Banking • Customer service • Finance • Marketing,,,https://www.coasthills.coop/,,,LOM-COASTHILLS,Lompoc starter directory
Economic Development Collaborative — Lompoc Business Support,"Lompoc, CA 93436",Business & Finance,Community Organization,"Local business advising connection for career exploration, projects, and community outreach.",Business advising • Small-business loans • Entrepreneurship support • Workshops,Entrepreneurship • Finance • Marketing • Business management,Career exploration • Entrepreneurship mentoring,https://edcollaborative.com/,,,LOM-EDC,Momentum local business research; reviewed 2026-08
Edward Jones — Lompoc,"Lompoc, CA",Business & Finance,Business,Financial-advising and office careers.,Financial planning • Customer service • Business • Administration,,,https://www.edwardjones.com/us-en/financial-advisor-office/lompoc-ca,,,LOM-EDWARDJONES,Lompoc starter directory
Excel Personnel Services,"516 N H St, Lompoc, CA 93436",Business & Finance,Business,Local staffing office and career-services connection.,Staffing • Recruiting • Resume support • Employer services,Human resources • Recruiting • Office administration • Career services,Career-readiness conversation inquiry,https://www.excelpersonnelservices.com/,805-735-6723,,LOM-EXCEL-PERSONNEL,Lompoc Valley Chamber member directory; reviewed 2026-08
Lompoc Valley Association of Realtors,"Lompoc, CA 93436",Business & Finance,Community Organization,"Local professional association connection for career exploration, projects, and community outreach.",Real estate education • Professional networking • Housing information • Community service,Real estate • Business • Finance • Community development,Career exploration • Professional interview,https://www.lvar.org/,,,LOM-LVAR,Momentum local business research; reviewed 2026-08
Lompoc Valley Chamber of Commerce,"111 S I St, Lompoc, CA 93436",Business & Finance,Business,Local business and community organization.,Business • Marketing • Events • Community development,,,https://lompoc.com/,,,LOM-CHAMBER,Lompoc starter directory
Mechanics Bank,"Lompoc, CA",Business & Finance,Business,Banking and financial-services careers.,Banking • Finance • Customer service • Business services,,,https://www.mechanicsbank.com/,,,LOM-RABOBANK,Lompoc starter directory
SESLOC Federal Credit Union,"Lompoc, CA",Business & Finance,Business,Credit union and financial-services careers.,Banking • Finance • Customer service • Technology,,,https://www.sesloc.org/,,,LOM-SESCLOCU,Lompoc starter directory
Allan Hancock College — Lompoc Valley Center,"1 Hancock Dr, Lompoc, CA 93436",Education & Training,Education,"Local Allan Hancock College campus with academic, certificate, and career-technical pathways. Use the College Pathways section in Momentum for the detailed program explorer.",College programs • Career and technical education • Certificates and degrees • Student services • Career pathways • Technical training,College pathways • Skilled trades • Healthcare • Business • Public safety • Arts and technology,Local college exploration • Career-program research • Enrollment and student-services inquiry,https://www.hancockcollege.edu/about/campuses/lvc.php,,,LOM-COLLEGE,Official Allan Hancock College Lompoc Valley Center and pathways pages; reviewed 2026-08
Center for Employment Training — Santa Maria,"509 W Morrison Ave, Santa Maria, CA 93458",Education & Training,Trade School,Accredited career-training center offering hands-on programs in Santa Maria.,Green building construction skills • Medical assistant training • Business office administration • Hands-on job training • Career placement support,Construction • Green building • Healthcare • Medical assisting • Office administration,Trade-school exploration • Admissions inquiry • Career training research,https://cetweb.edu/location/santa-maria-ca,805-928-1737,,REG-CET-SANTA-MARIA,Official CET Santa Maria location page; reviewed 2026-08
Cuesta College — Skilled Trades & Technology,"3000 Education Dr, San Luis Obispo, CA 93405",Education & Training,Education,Central Coast community college division focused on hands-on skilled-trades and technology programs.,Automotive and auto body technology • Aviation maintenance • Construction technology • Welding technology • Electronics and electrical technology • Computer and networking technology • Architectural technology • Criminal justice,Automotive • Aviation • Construction • Welding • Electrical • Networking • Architecture • Public safety,Degree and certificate exploration • Dual-enrollment research • Career technical education planning,https://www.cuesta.edu/academics/areas-of-study/skilled-trades-tech/index.html,805-546-3100,,REG-CUESTA-SKILLED-TRADES,Official Cuesta College skilled trades pages; reviewed 2026-08
Laurus College — Santa Maria Learning Site,"411 E Betteravia Rd, Suite 100-B, Santa Maria, CA 93454",Education & Training,Career College,Career-focused college with online programs and an on-site Santa Maria support location.,Information technology • Cyber security • Business administration • Audio and video production • Online degree programs • On-site computer labs and advising,Information technology • Cybersecurity • Business • Audio production • Video production,Career-college exploration • Online-program research • Admissions inquiry,https://lauruscollege.edu/locations/,805-267-1690,admissions@lauruscollege.edu,REG-LAURUS-SANTA-MARIA,Official Laurus College locations and programs pages; reviewed 2026-08
Lompoc Adult School,"Lompoc, CA",Education & Training,Education,Adult education and career preparation.,Adult education • GED preparation • Career training • Student support,,,https://www.lusd.org/,,,LOM-ADULTED,Lompoc starter directory
Lompoc Unified School District,"1301 N A St, Lompoc, CA 93436",Education & Training,Government,School-district careers beyond classroom teaching.,Teaching • Technology • Transportation • Food service • Maintenance,,,https://www.lusd.org/,,,LOM-LUSD,Lompoc starter directory
San Luis Obispo Adult School — Culinary Training,"1500 Lizzie St, Building H2, San Luis Obispo, CA 93401",Education & Training,Adult Education,Regional adult school with a food-services and culinary program alongside diploma and equivalency support.,Food services program • Culinary training • Adult high school diploma • High school equivalency • English as a second language,Culinary arts • Food service • Hospitality • Adult education,Culinary-program inquiry • Adult education planning • Diploma and equivalency support,https://ae.slcusd.org/,805-549-1222,,REG-SLO-ADULT-CULINARY,Official San Luis Obispo Adult School website; reviewed 2026-08
Santa Barbara City College Career Education,"721 Cliff Dr, Santa Barbara, CA 93109",Education & Training,Education,Regional community college with extensive hands-on career education and technical certificate pathways.,Automotive service and technology • Construction technology • Electrician trainee courses • Culinary arts and hospitality • Cosmetology • Drafting and CAD • Marine diving technology • Computer networking and electronics,Automotive • Construction • Electrical • Culinary arts • Hospitality • Cosmetology • Drafting • Technology,Certificate and associate-degree exploration • Career education planning • Program research,https://www.sbcc.edu/careercenter/careereducationmajors/,805-730-4000,,REG-SBCC-CAREER-ED,Official SBCC career education pages; reviewed 2026-08
Santa Barbara County Education Office — Career Technical Education,"4400 Cathedral Oaks Rd, Santa Barbara, CA 93110",Education & Training,Education Resource,"Countywide resource for hands-on CTE pathways, industry certifications, and real-world career preparation.",Countywide CTE pathway information • Industry certifications • Work-based learning • Internship connections • College and career readiness,Career technical education • Work-based learning • Industry certification • Education,Regional CTE pathway research • Certification exploration • Work-based learning inquiry,https://www.sbceo.org/programs/cte/overview,805-964-4711,,REG-SBCEO-CTE,Official Santa Barbara County Education Office CTE page; reviewed 2026-08
Santa Maria Joint Union High School District — Career Technical Education,"2560 Skyway Dr, Santa Maria, CA 93455",Education & Training,Education,Regional high-school district offering career technical education and dual-enrollment pathways.,High-school career technical education • Dual enrollment • Hands-on pathway courses • College and career readiness • Industry-aligned instruction,Career technical education • Skilled trades • Healthcare • Agriculture • Technology,High-school CTE pathway exploration • Dual-enrollment research • Regional program inquiry,https://www.smjuhsd.k12.ca.us/,805-922-4573,,REG-SMJUHSD-CTE,Official Santa Maria Joint Union High School District website; reviewed 2026-08
Ventura College Career Education,"4667 Telegraph Rd, Ventura, CA 93003",Education & Training,Education,Central Coast community college with career education certificates and hands-on technical programs.,Automotive career education • Construction technology • Manufacturing technology • Welding • Public safety • Healthcare programs • Business and technology certificates,Automotive • Construction • Manufacturing • Welding • Public safety • Healthcare • Technology,Certificate and degree exploration • Career education planning • Program research,https://www.venturacollege.edu/departments/academic/career-education,805-289-6000,,REG-VENTURA-CAREER-ED,Official Ventura College career education page; reviewed 2026-08
Alfie's Fish & Chips,"610 N H St, Lompoc, CA 93436",Food & Drink,Business,"Local restaurant connection for career exploration, projects, and community outreach.",Restaurant service • Food preparation • Customer service • Kitchen operations,Culinary arts • Hospitality • Business • Customer service,Career exploration • Workplace visit inquiry,https://www.alfiesfishandchips.com/,,,LOM-ALFIES,Momentum local business research; reviewed 2026-08
American Host Restaurant & Catering,"113 N I St, Lompoc, CA 93436",Food & Drink,Business,Longstanding local restaurant and catering business.,Restaurant service • Catering • Food preparation • Customer service • Event support,Culinary arts • Hospitality • Event planning • Business operations,Career conversation inquiry,https://explorelompoc.com/directory/americanhostamericandiner/,805-735-5188,,LOM-AMERICAN-HOST,Momentum Lompoc directory v23.1.0
Angela's Mexican Restaurant,"115 S J St, Lompoc, CA 93436",Food & Drink,Business,"Local restaurant connection for career exploration, projects, and community outreach.",Mexican cuisine • Restaurant service • Food preparation • Customer service,Culinary arts • Hospitality • Small business,Career exploration • Small-business interview,https://www.google.com/maps/search/?api=1&query=Angela%27s+Mexican+Restaurant%2C+Lompoc%2C+CA,,,LOM-ANGELAS,Momentum local business research; reviewed 2026-08
Applebee's,"621 W Central Ave, Lompoc, CA 93436",Food & Drink,Business,Full-service restaurant.,Food service • Cooking • Management,,,https://explorelompoc.com/restaurants/,,,LOM-APPLEBEES,Lompoc starter directory
Burritos Lalo,"Lompoc, CA",Food & Drink,Business,Family-operated Mexican restaurant.,Cooking • Food preparation • Customer service,,,https://explorelompoc.com/restaurants/,,,LOM-BURRITOSLALO,Lompoc starter directory
Cajun Kitchen Cafe — Lompoc,"1508 N H St, Lompoc, CA 93436",Food & Drink,Business,"Local restaurant & cafe connection for career exploration, projects, and community outreach.",Breakfast service • Café operations • Food preparation • Customer service,Culinary arts • Hospitality • Business,Career exploration,https://www.cajunkitchencafe.com/,,,LOM-CAJUNKITCHEN,Momentum local business research; reviewed 2026-08
Capulin Eats & Provisions,"300 N 12th St Suite 1E, Lompoc, CA 93436",Food & Drink,Business,"Breakfast, lunch, coffee, and desserts.",Food service • Coffee • Baking • Hospitality,,,https://explorelompoc.com/directory/capulin-eats-provisions/,,,LOM-CAPULIN,Lompoc starter directory
Chow-Ya,"713 E Ocean Ave, Lompoc, CA 93436",Food & Drink,Business,"Local restaurant connection for career exploration, projects, and community outreach.",Asian cuisine • Food preparation • Restaurant service • Customer service,Culinary arts • Hospitality • Customer service,Career exploration,https://www.google.com/maps/search/?api=1&query=Chow-Ya%2C+Lompoc%2C+CA,,,LOM-CHOWYA,Momentum local business research; reviewed 2026-08
Diamond Tea & Sushi,"1133 N H St Suite H, Lompoc, CA 93436",Food & Drink,Business,"Tea, boba, and restaurant service.",Tea • Restaurant service • Food preparation • Customer service,,,https://www.diamondteasushi.com/,,,LOM-DIAMOND,Lompoc starter directory
Dong Hae Sushi,"Lompoc, CA",Food & Drink,Business,Japanese restaurant.,Food preparation • Restaurant service,,,https://explorelompoc.com/restaurants/,,,LOM-DONGHAE,Lompoc starter directory
Eddie's Grill — Lompoc,"1325 N H St, Lompoc, CA 93436",Food & Drink,Business,"Local restaurant connection for career exploration, projects, and community outreach.",Grill cooking • Restaurant service • Customer service • Kitchen operations,Culinary arts • Hospitality • Customer service,Career exploration,https://www.google.com/maps/search/?api=1&query=Eddie%27s+Grill%2C+Lompoc%2C+CA,,,LOM-EDDIESGRILL,Momentum local business research; reviewed 2026-08
El Palmar Mexican Restaurant,"722 E Ocean Ave, Lompoc, CA 93436",Food & Drink,Business,"Local restaurant connection for career exploration, projects, and community outreach.",Mexican cuisine • Restaurant service • Food preparation • Customer service,Culinary arts • Hospitality • Customer service,Career exploration,https://www.google.com/maps/search/?api=1&query=El+Palmar+Mexican+Restaurant%2C+Lompoc%2C+CA,,,LOM-ELPALMAR,Momentum local business research; reviewed 2026-08
El Toro Bronco,"1030 N H St, Lompoc, CA 93436",Food & Drink,Business,"Local restaurant connection for career exploration, projects, and community outreach.",Restaurant service • Mexican cuisine • Kitchen operations • Customer service,Culinary arts • Hospitality • Customer service,Career exploration • Workplace visit inquiry,https://www.eltorobroncolompoc.com/,,,LOM-ELTOROBRONCO,Momentum local business research; reviewed 2026-08
Fatte's Pizza,"Lompoc, CA",Food & Drink,Business,Local pizza restaurant.,Food preparation • Delivery • Customer service,,,https://explorelompoc.com/casual-eats/,,,LOM-FATTES,Lompoc starter directory
Floriano's Mexican Food,"1140 N H St, Lompoc, CA 93436",Food & Drink,Business,"Local restaurant connection for career exploration, projects, and community outreach.",Mexican cuisine • Food preparation • Customer service • Catering,Culinary arts • Hospitality • Business,Career exploration • Culinary inquiry,https://florianos.net/,,,LOM-FLORIANOS,Momentum local business research; reviewed 2026-08
Hangar 7 Social House,"300 N 12th St, Lompoc, CA 93436",Food & Drink,Business,Aerospace-inspired social house and restaurant.,Hospitality • Food service • Events • Marketing,,,https://explorelompoc.com/directory/hangar-7-lompoc/,,,LOM-HANGAR7,Lompoc starter directory
Herb Home Thai Restaurant,"426 N H St, Lompoc, CA 93436",Food & Drink,Business,"Local restaurant connection for career exploration, projects, and community outreach.",Thai cuisine • Food preparation • Restaurant service • Customer service,Culinary arts • Hospitality • Small business,Career exploration,https://www.google.com/maps/search/?api=1&query=Herb+Home+Thai+Restaurant%2C+Lompoc%2C+CA,,,LOM-HERBHOME,Momentum local business research; reviewed 2026-08
Izzie's Foodies Place,"426 N H St, Lompoc, CA 93436",Food & Drink,Business,"Local restaurant serving breakfast, lunch, and dinner.",Restaurant service • Cooking • Customer service,,,https://explorelompoc.com/directory/izziefoodiesplace/,,,LOM-IZZIES,Lompoc starter directory
Jalama Beach Store & Grill,"9999 Jalama Rd, Lompoc, CA 93436",Food & Drink,Business,"Regional Lompoc-area destination known for food service, retail, and visitor hospitality at Jalama Beach.",Food service • Retail • Visitor service • Beach hospitality,Culinary arts • Hospitality • Tourism • Retail,Career exploration • Hospitality inquiry,https://www.jalamabeach.com/,,,LOM-JALAMAGRILL,Momentum local business research; reviewed 2026-08
La Botte Italian Ristorante,"Lompoc, CA",Food & Drink,Business,Family-operated Italian restaurant.,Cooking • Hospitality • Customer service,,,https://explorelompoc.com/directory/labotteitalianrestaurant/,,,LOM-LABOTTE,Lompoc starter directory
La Reyna Tortillería,"401 W Ocean Ave, Lompoc, CA 93436",Food & Drink,Business,"Local tortilleria & market connection for career exploration, projects, and community outreach.",Tortilla production • Food retail • Customer service • Small business,Culinary arts • Food production • Retail • Entrepreneurship,Career exploration • Food-production inquiry,https://www.google.com/maps/search/?api=1&query=La+Reyna+Tortilleria%2C+Lompoc%2C+CA,,,LOM-LAREYNA,Momentum local business research; reviewed 2026-08
Lompoc Empty Bowls,"Lompoc, CA",Food & Drink,Nonprofit,Community fundraising and food-security support.,Fundraising • Food security • Events • Volunteer service,,,https://www.facebook.com/LompocEmptyBowls/,,,LOM-EMPTYBOWLS,Lompoc starter directory
Lompoc Pizza,"Lompoc, CA",Food & Drink,Business,Local pizza business.,Food preparation • Customer service,,,https://explorelompoc.com/casual-eats/,,,LOM-PIZZA,Lompoc starter directory
Mama's Caffè,"Lompoc, CA",Food & Drink,Business,Family-operated café and restaurant.,Coffee • Food service • Hospitality,,,https://explorelompoc.com/directory/labotteitalianrestaurant/,,,LOM-MAMAS,Lompoc starter directory
Mi Amore Pizza and Pasta,"Lompoc, CA",Food & Drink,Business,Family-owned Italian restaurant.,Cooking • Food service • Customer service,,,https://explorelompoc.com/restaurants/,,,LOM-MIAMORE,Lompoc starter directory
O'Cairns Bistro,"Lompoc, CA",Food & Drink,Business,"Breakfast, lunch, and dinner restaurant.",Food service • Cooking • Hospitality,,,https://explorelompoc.com/breakfast/,,,LOM-OCAIRNS,Lompoc starter directory
Old Town Kitchen & Bar,"319 E Ocean Ave, Lompoc, CA 93436",Food & Drink,Business,Local restaurant and hospitality business.,Restaurant service • Cooking • Hospitality • Management,,,https://www.oldtownkitchenlompoc.com/,,,LOM-OLDTOWN,Momentum local business research; reviewed 2026-08
One Room Coffee Shop,"Lompoc, CA",Food & Drink,Business,Local coffee shop.,Coffee • Baking • Customer service,,,https://www.oneroomcoffee.com/,,,LOM-ONEROOM,Momentum local business research; reviewed 2026-08
Sassafrass,"Lompoc, CA",Food & Drink,Business,Local casual dining business.,Food service • Customer service,,,https://explorelompoc.com/casual-eats/,,,LOM-SASSAFRASS,Lompoc starter directory
Sissy's Uptown Café,"Lompoc, CA",Food & Drink,Business,Family-owned café.,Food service • Baking • Customer service,,,https://explorelompoc.com/blog/5-family-owned-restaurants-in-lompoc-that-locals-love/,,,LOM-SISSYS,Lompoc starter directory
South Side Coffee Co.,"105 S H St, Lompoc, CA 93436",Food & Drink,Business,Locally operated coffeehouse and café with connections to Lompoc art and community life.,Coffee and tea • Breakfast and lunch • Customer service • Local art displays • Small business operations,Hospitality • Culinary arts • Customer service • Marketing • Entrepreneurship,Career conversation inquiry • Small-business exploration,https://explorelompoc.com/directory/southsidecoffeecompanycaf/,805-737-3730,,LOM-SOUTHSIDE-COFFEE,Momentum Lompoc directory v23.1.0
Sushi Teri — Lompoc,"213 W Ocean Ave, Lompoc, CA 93436",Food & Drink,Business,"Local restaurant connection for career exploration, projects, and community outreach.",Sushi preparation • Restaurant service • Customer service • Kitchen operations,Culinary arts • Hospitality • Food safety,Career exploration • Culinary inquiry,https://www.sushiteri.com/,,,LOM-SUSHITERI,Momentum local business research; reviewed 2026-08
Suvan's Kitchen,"129 W Central Ave, Suite E, Lompoc, CA 93436",Food & Drink,Business,"Local restaurant connection for career exploration, projects, and community outreach.",Thai and Lao cuisine • Food preparation • Restaurant service • Customer service,Culinary arts • Hospitality • Small business,Career exploration • Small-business interview,https://www.google.com/maps/search/?api=1&query=Suvan%27s+Kitchen%2C+Lompoc%2C+CA,,,LOM-SUVANS,Momentum local business research; reviewed 2026-08
Sweet Baking Co.,"Lompoc, CA",Food & Drink,Business,Local bakery and custom cakery.,Baking • Cake decorating • Customer service,,,https://explorelompoc.com/blog/top-places-to-satisfy-your-sweet-tooth-in-lompoc/,,,LOM-SWEETBAKING,Lompoc starter directory
Tacos y Mariscos La Michoacana,"Lompoc, CA",Food & Drink,Business,Family-operated Mexican restaurant.,Cooking • Food preparation,,,https://explorelompoc.com/restaurants/,,,LOM-LAMICHOACANA,Lompoc starter directory
TEAklish Boba & Cafe,"517 W Central Ave, Lompoc, CA 93436",Food & Drink,Business,Local boba and café business.,Boba tea • Food service • Customer service • Marketing • Small business,,,https://teaklish-boba-cafe.snackpass.site/,,,LOM-TEAKLISH,Lompoc starter directory
Thai Cuisine — Lompoc,"Lompoc, CA 93436",Food & Drink,Business,"Local restaurant connection for career exploration, projects, and community outreach.",Thai cuisine • Food preparation • Restaurant service • Customer service,Culinary arts • Hospitality • Small business,Career exploration,https://thaicuisinelompoc.com/,,,LOM-THAICUISINE,Momentum local business research; reviewed 2026-08
Tom's Burgers,"115 E College Ave, Suite 13, Lompoc, CA 93436",Food & Drink,Business,"Local restaurant connection for career exploration, projects, and community outreach.",Restaurant service • Grill cooking • Customer service • Small business,Culinary arts • Hospitality • Entrepreneurship,Career exploration • Small-business interview,https://tomsburgerslompoc.com/,,,LOM-TOMS,Momentum local business research; reviewed 2026-08
Toro Loco,"200 E Ocean Ave and 129 W Central Ave, Lompoc, CA 93436",Food & Drink,Business,Locally operated Mexican restaurant with multiple Lompoc locations.,Restaurant service • Food preparation • Customer service • Multi-location operations,Culinary arts • Hospitality • Management • Entrepreneurship,Career conversation inquiry,https://explorelompoc.com/directory/toro-loco/,,,LOM-TORO-LOCO,Momentum Lompoc directory v23.1.0
Valle Eatery & Bar,"1201 N H St, Lompoc, CA 93436",Food & Drink,Business,"Local restaurant connection for career exploration, projects, and community outreach.",Restaurant service • Seasonal cooking • Guest service • Event dining,Culinary arts • Hospitality • Tourism • Business,Career exploration • Hospitality inquiry,https://www.valleeatery.com/,,,LOM-VALLEEATERY,Momentum local business research; reviewed 2026-08
Village Coffee Stop & Catering,"3734 Constellation Rd, Suite J, Lompoc, CA 93436",Food & Drink,Business,"Local cafe & catering connection for career exploration, projects, and community outreach.",Coffee service • Catering • Food preparation • Customer service,Culinary arts • Hospitality • Entrepreneurship,Career exploration • Small-business interview,https://www.google.com/maps/search/?api=1&query=Village+Coffee+Stop+%26+Catering%2C+Lompoc%2C+CA,,,LOM-VILLAGECOFFEE,Momentum local business research; reviewed 2026-08
CAL FIRE / Santa Barbara County Fire,Lompoc area,Government & Public Service,Government,Regional fire and emergency-response careers.,Fire service • Emergency response • Forestry • Public safety,,,https://www.sbcfire.com/,,,LOM-CALFIRE,Lompoc starter directory
City of Lompoc,"100 Civic Center Plaza, Lompoc, CA 93436",Government & Public Service,Government,City departments and public-service career areas.,Public works • Library • Parks • Utilities • Fire • Police • Administration,,,https://www.cityoflompoc.com/government/departments,,,LOM-CITY,Lompoc starter directory
La Purísima Mission State Historic Park,"2295 Purisima Rd, Lompoc, CA 93436",Government & Public Service,Government,"California State Historic Park with interpretation, education, preservation, and volunteer roles.",State park operations • Historic interpretation • Natural resources • Visitor services • Educational programs,Parks and recreation • History • Environmental science • Education • Public service,Interpretive volunteer inquiry • Career visit inquiry,https://www.parks.ca.gov/lapurisimamission,805-733-3713,LPM.SpecialEvents@parks.ca.gov,LOM-LA-PURISIMA,Momentum Lompoc directory v23.1.0
Lompoc Fire Department,"115 S G St, Lompoc, CA 93436",Government & Public Service,Public Safety,Fire and emergency-services careers.,Fire service • Emergency response • Public safety,,,https://www.cityoflompoc.com/government/departments/fire-department,,,LOM-FIRE,Lompoc starter directory
Lompoc Parks & Recreation,"125 W Walnut Ave, Lompoc, CA 93436",Government & Public Service,Government,Community recreation and youth programming.,Recreation • Sports • Youth programs • Events,,,https://www.cityoflompoc.com/government/departments/parks-recreation,,,LOM-REC,Lompoc starter directory
Lompoc Police Department,"107 Civic Center Plaza, Lompoc, CA 93436",Government & Public Service,Public Safety,Police and public-safety careers.,Law enforcement • Dispatch • Community service • Public safety,,,https://www.cityoflompoc.com/government/departments/police,,,LOM-POLICE,Lompoc starter directory
Lompoc Public Library,"501 E North Ave, Lompoc, CA 93436",Government & Public Service,Government,Public library and community learning services.,Libraries • Education • Technology • Community service,,,https://www.cityoflompoc.com/government/departments/library,,,LOM-LIBRARY,Lompoc starter directory
Santa Barbara County Library Services,"Lompoc, CA",Government & Public Service,Government,County government and public-service career areas.,Public service • Records • Community programs • Administration,,,https://www.countyofsb.org/,,,LOM-COUNTYLIB,Lompoc starter directory
Santa Barbara County Probation,"Lompoc, CA",Government & Public Service,Government,County probation and youth-service careers.,Youth services • Public safety • Case management • Administration,,,https://www.countyofsb.org/230/Probation,,,LOM-PROBATION,Lompoc starter directory
Santa Barbara County Superior Court — Lompoc,"115 Civic Center Plaza, Lompoc, CA 93436",Government & Public Service,Government,Court and legal-system career exploration.,Law • Court operations • Clerical work • Public service,,,https://www.sbcourts.org/,,,LOM-SUPCOURT,Lompoc starter directory
Vandenberg Village Community Services District,"Vandenberg Village, Lompoc, CA 93436",Government & Public Service,Government,"Local community services district connection for career exploration, projects, and community outreach.",Water services • Wastewater services • Public administration • Infrastructure,Public administration • Utilities • Engineering • Environmental services,Career exploration • Public-service inquiry,https://vvcsd.org/,,,LOM-VVCSD,Momentum local business research; reviewed 2026-08
Assisted Home Health & Hospice,"604 E Ocean Ave, Suite H, Lompoc, CA 93436",Healthcare,Healthcare,,Home health • Hospice care • Caregiver services,Nursing • Home health • Social work • Healthcare administration,Healthcare career conversation inquiry,https://www.assistedcares.com/,805-688-5222,,LOM-ASSISTED-HOME,Lompoc Valley Chamber member directory; reviewed 2026-08
Chiropractic Health Center,"133 N G St, Lompoc, CA 93436",Healthcare,Healthcare,,Chiropractic care • Patient service • Wellness,Chiropractic • Healthcare administration • Patient service,Potential partner inquiry,,805-735-7763,,LOM-CHIROPRACTIC,Lompoc Valley Chamber member directory; reviewed 2026-08
Community Health Centers — Lompoc,"425 W Central Ave, Suite 201, Lompoc, CA 93436",Healthcare,Healthcare,,Primary care • Community health • Patient services,Medicine • Nursing • Medical assisting • Public health • Clinic administration,Health-career exploration inquiry,https://www.communityhealthcenters.org/,805-737-1169,,LOM-CHC,Lompoc Valley Chamber member directory; reviewed 2026-08
Lompoc Health Care Center,"301 N R St, Lompoc, CA 93436",Healthcare,Business,County health services.,Public health • Nursing • Medical services • Administration,,,https://www.countyofsb.org/732/Lompoc-Health-Care-Center,,,LOM-LOMPOC-HC,Lompoc starter directory
Lompoc Skilled Nursing & Rehabilitation Center,"1428 W North Ave, Lompoc, CA 93436",Healthcare,Healthcare,,Skilled nursing • Rehabilitation • Resident support,Nursing • Physical therapy • Occupational therapy • Healthcare administration,Potential partner inquiry,,805-735-4010,,LOM-SKILLED-NURSING,Lompoc Valley Chamber member directory; reviewed 2026-08
Lompoc Valley Community Healthcare Organization,"1593 E Chestnut Ave, Lompoc, CA 93436",Healthcare,Nonprofit,,Community health forums • Health education • Local collaboration,Public health • Community organizing • Healthcare policy • Nonprofit management,Potential partner inquiry,https://members.lompoc.com/list/member/lompoc-valley-community-healthcare-organization-958,805-736-4509,,LOM-LVCHO,Lompoc Valley Chamber member directory; reviewed 2026-08
Lompoc Valley Medical Center,"1515 E Ocean Ave, Lompoc, CA 93436",Healthcare,Business,Hospital and healthcare career exploration.,Nursing • Medical assisting • Administration • Facilities • Nutrition,,,https://lompocvmc.com/,,,LOM-LVMC,Lompoc starter directory
Santa Barbara County Public Health,"301 N R St, Lompoc, CA 93436",Healthcare,Government,County public-health services.,Public health • Nursing • Administration • Community outreach,,,https://www.countyofsb.org/732/Lompoc-Health-Care-Center,,,LOM-PUBLICHEALTH,Lompoc starter directory
Savie Health Free Clinic,"1111 E Ocean Ave, Suite 4A, Lompoc, CA 93436",Healthcare,Nonprofit,"Local free clinic connection for career exploration, projects, and community outreach.",Free medical care • Patient support • Health education • Community outreach,Healthcare • Public health • Social services • Administration,Volunteer inquiry • Healthcare career exploration,https://saviehealth.org/,,,LOM-SAVIEHEALTH,Momentum local business research; reviewed 2026-08
Superior Senior Home Care,"Lompoc, CA 93436",Healthcare,Business,"Local senior care connection for career exploration, projects, and community outreach.",In-home care • Senior support • Care coordination • Companionship,Healthcare • Human services • Gerontology • Administration,Career exploration • Healthcare inquiry,https://www.google.com/maps/search/?api=1&query=Superior+Senior+Home+Care+Lompoc%2C+Lompoc%2C+CA,,,LOM-SUPERIORSENIOR,Momentum local business research; reviewed 2026-08
Transitions-Mental Health Association — Lompoc,Lompoc service area,Healthcare,Nonprofit,,Mental health support • Housing support • Community wellness,Behavioral health • Social work • Peer support • Nonprofit services,Behavioral-health career conversation inquiry,https://www.tmha.org/,,,LOM-TRANSITIONS,Lompoc Valley Chamber member directory; reviewed 2026-08
Valley Medical Group,"136 N Third St, Lompoc, CA 93436",Healthcare,Healthcare,,Medical care • Patient services • Office administration,Medicine • Medical assisting • Healthcare administration • Patient service,Potential partner inquiry,,805-736-1253,,LOM-VALLEY-MEDICAL-GROUP,Lompoc Valley Chamber member directory; reviewed 2026-08
Brewer-Clifton,"Lompoc, CA 93436",Hospitality & Tourism,Business,"Local winery & tasting connection for career exploration, projects, and community outreach.",Winemaking • Wine production • Hospitality • Direct-to-consumer sales,Viticulture • Food science • Hospitality • Marketing,Career exploration • Winemaking inquiry,https://www.brewerclifton.com/,,,LOM-BREWERCLIFTON,Momentum local business research; reviewed 2026-08
D'Alfonso-Curran Wines,"Lompoc, CA 93436",Hospitality & Tourism,Business,"Local winery connection for career exploration, projects, and community outreach.",Winemaking • Wine production • Vineyard partnerships • Marketing,Viticulture • Food science • Agriculture • Marketing,Career exploration • Winemaking inquiry,https://www.dalfonsocurran.com/,,,LOM-DALFONSOCURRAN,Momentum local business research; reviewed 2026-08
Embassy Suites by Hilton Lompoc,"1117 N H St, Lompoc, CA 93436",Hospitality & Tourism,Business,Hotel and hospitality careers.,Hospitality • Front desk • Housekeeping • Food service • Management,,,https://www.hilton.com/en/hotels/slolpes-embassy-suites-lompoc-central-coast/,,,LOM-EMBASSY,Lompoc starter directory
Explore Lompoc,"Lompoc, CA 93436",Hospitality & Tourism,Business Organization,Official tourism and destination-marketing organization for Lompoc.,Destination marketing • Local business promotion • Visitor information • Events • Digital content,Marketing • Tourism • Photography • Writing • Business development,Marketing project inquiry • Tourism career exploration,https://explorelompoc.com/,,,LOM-EXPLORE-LOMPOC,Momentum Lompoc directory v23.1.0
Fiddlehead Cellars,"1597 E Chestnut Ave, Lompoc, CA 93436",Hospitality & Tourism,Business,"Local winery & tasting connection for career exploration, projects, and community outreach.",Winemaking • Wine production • Tasting service • Marketing,Viticulture • Food science • Hospitality • Marketing,Career exploration • Winemaking inquiry,https://www.fiddleheadcellars.com/,,,LOM-FIDDLEHEAD,Momentum local business research; reviewed 2026-08
Hilton Garden Inn Lompoc,"1201 N H St, Lompoc, CA 93436",Hospitality & Tourism,Business,Hotel and hospitality operations.,Hospitality • Food service • Front desk • Management,,,https://www.hilton.com/en/hotels/sbplogi-hilton-garden-inn-lompoc/,,,LOM-HILTON,Lompoc starter directory
Holiday Inn Express Lompoc,"1417 N H St, Lompoc, CA 93436",Hospitality & Tourism,Business,"Local hotel connection for career exploration, projects, and community outreach.",Guest services • Housekeeping • Hospitality operations • Breakfast service,Hospitality • Tourism • Business • Customer service,Career exploration • Hospitality employment inquiry,https://www.ihg.com/holidayinnexpress/hotels/us/en/lompoc/lpcca/hoteldetail,,,LOM-HOLIDAYINN,Momentum local business research; reviewed 2026-08
Holus Bolus & The Joy Fantastic,"Lompoc, CA 93436",Hospitality & Tourism,Business,"Local winery connection for career exploration, projects, and community outreach.",Winemaking • Wine production • Vineyard operations • Marketing,Viticulture • Agriculture • Food science • Marketing,Career exploration • Wine-industry inquiry,https://www.holusboluswine.com/,,,LOM-HOLUSBOLUS,Momentum local business research; reviewed 2026-08
Inn at Highway 1,"1200 N H St, Lompoc, CA 93436",Hospitality & Tourism,Business,"Local hotel connection for career exploration, projects, and community outreach.",Guest services • Housekeeping • Reservations • Hospitality operations,Hospitality • Tourism • Business • Customer service,Career exploration • Hospitality inquiry,https://www.innathighway1.com/,,,LOM-INNHWY1,Momentum local business research; reviewed 2026-08
Inn of Lompoc,"1122 N H St, Lompoc, CA 93436",Hospitality & Tourism,Business,"Local hotel connection for career exploration, projects, and community outreach.",Guest services • Housekeeping • Reservations • Property operations,Hospitality • Tourism • Business • Facilities,Career exploration • Hospitality inquiry,https://www.innlompoc.com/,,,LOM-INNOFLOMPOC,Momentum local business research; reviewed 2026-08
Jalama Beach County Park,"9999 Jalama Rd, Lompoc, CA 93436",Hospitality & Tourism,Business,"Local park & campground connection for career exploration, projects, and community outreach.",Park operations • Campground service • Visitor assistance • Outdoor recreation,Parks and recreation • Hospitality • Environmental stewardship • Tourism,Career exploration • Public-lands inquiry,https://www.countyofsb.org/833/Jalama-Beach,,,LOM-JALAMAPARK,Momentum local business research; reviewed 2026-08
Lompoc Valley Inn & Suites,"1621 N H St, Lompoc, CA 93436",Hospitality & Tourism,Business,Current hotel name for the property formerly branded SureStay Plus; local hospitality and guest-service connection.,Guest services • Housekeeping • Reservations • Property operations,Hospitality • Tourism • Business • Facilities,Career exploration • Hospitality inquiry,https://lompocvalleyinnandsuites.com/,,,LOM-VALLEYINN,Momentum local business research; reviewed 2026-08
Longoria Wines,"Lompoc, CA 93436",Hospitality & Tourism,Business,"Local winery & tasting connection for career exploration, projects, and community outreach.",Winemaking • Wine production • Tasting service • Direct sales,Viticulture • Food science • Hospitality • Sales,Career exploration • Wine-industry inquiry,https://www.longoriawine.com/,,,LOM-LONGORIA,Momentum local business research; reviewed 2026-08
Montemar Wines,"Lompoc Wine Ghetto, Lompoc, CA 93436",Hospitality & Tourism,Business,"Local winery & tasting connection for career exploration, projects, and community outreach.",Winemaking • Wine production • Tasting service • Customer service,Viticulture • Food science • Hospitality • Business,Career exploration • Wine-industry inquiry,https://www.montemarwines.com/,,,LOM-MONTEMAR,Momentum local business research; reviewed 2026-08
Motel 6 Lompoc,"1521 N H St, Lompoc, CA 93436",Hospitality & Tourism,Business,"Local hotel connection for career exploration, projects, and community outreach.",Guest services • Housekeeping • Reservations • Property operations,Hospitality • Tourism • Customer service • Facilities,Career exploration • Employment inquiry,https://motel6.com/property/motel-lompoc-california-us-293936/,,,LOM-MOTEL6,Momentum local business research; reviewed 2026-08
O'Cairns Inn & Suites,"940 E Ocean Ave, Lompoc, CA 93436",Hospitality & Tourism,Business,Locally operated hotel.,Hospitality • Front desk • Housekeeping • Maintenance,,,https://www.ocairnsinn.com/,,,LOM-OCAIRNINN,Lompoc starter directory
River Park RV Campground,"Lompoc, CA 93436",Hospitality & Tourism,Business,"Local campground & visitor service connection for career exploration, projects, and community outreach.",Campground operations • Visitor service • Grounds maintenance • Outdoor recreation,Hospitality • Tourism • Parks and recreation • Facilities,Career exploration • Outdoor-hospitality inquiry,https://www.cityoflompoc.com/government/departments/parks-recreation/parks/river-park,,,LOM-RIVERPARKRV,Momentum local business research; reviewed 2026-08
Sandhi Wines,"Lompoc, CA 93436",Hospitality & Tourism,Business,"Local winery connection for career exploration, projects, and community outreach.",Winemaking • Wine production • Cellar operations • Marketing,Viticulture • Food science • Agriculture • Marketing,Career exploration • Wine-industry inquiry,https://www.sandhiwines.com/,,,LOM-SANDHI,Momentum local business research; reviewed 2026-08
Sweetzer Cellars,"Lompoc, CA 93436",Hospitality & Tourism,Business,"Local winery connection for career exploration, projects, and community outreach.",Winemaking • Wine production • Hospitality • Direct sales,Viticulture • Food science • Hospitality • Business,Career exploration • Wine-industry inquiry,https://www.sweetzercellars.com/,,,LOM-SWEETZER,Momentum local business research; reviewed 2026-08
Transcendence Wines,"Lompoc, CA 93436",Hospitality & Tourism,Business,"Local winery & tasting connection for career exploration, projects, and community outreach.",Winemaking • Wine production • Tasting service • Customer experience,Viticulture • Food science • Hospitality • Marketing,Career exploration • Wine-industry inquiry,https://www.transcendencewinery.com/,,,LOM-TRANSCENDENCE,Momentum local business research; reviewed 2026-08
Tyler Winery,"Lompoc, CA 93436",Hospitality & Tourism,Business,"Local winery connection for career exploration, projects, and community outreach.",Winemaking • Wine production • Cellar operations • Direct sales,Viticulture • Food science • Agriculture • Business,Career exploration • Winemaking inquiry,https://www.tylerwinery.com/,,,LOM-TYLERWINERY,Momentum local business research; reviewed 2026-08
Village Inn — Lompoc,"3955 Apollo Way, Lompoc, CA 93436",Hospitality & Tourism,Business,"Retro-modern Vandenberg Village hotel with guest service, events, food and beverage, and property-operations career paths.",Guest services • Housekeeping • Reservations • Property operations,Hospitality • Tourism • Customer service • Facilities,Career exploration • Hospitality inquiry,https://www.villageinnca.com/,,,LOM-VILLAGEINN,Momentum local business research; reviewed 2026-08
Albertsons,"1500 N H St, Lompoc, CA 93436",Markets,Business,Grocery retail.,Grocery • Bakery • Pharmacy • Customer service,,,https://local.albertsons.com/albertsons/ca/lompoc.html,,,LOM-ALBERTSONS,Lompoc starter directory
Carniceria Jalisco,"928 N H St, Lompoc, CA 93436",Markets,Business,"Local carniceria & market connection for career exploration, projects, and community outreach.",Meat market • Grocery retail • Food preparation • Customer service,Food service • Retail • Customer service,Career exploration,https://www.google.com/maps/search/?api=1&query=Carniceria+Jalisco%2C+Lompoc%2C+CA,,,LOM-CARNICERIAJALISCO,Momentum local business research; reviewed 2026-08
Carnicería al Cien,"115 E College Ave, Suite 10, Lompoc, CA 93436",Markets,Business,"Local carniceria & market connection for career exploration, projects, and community outreach.",Meat market • Food retail • Customer service • Small business,Food service • Retail • Entrepreneurship • Customer service,Career exploration • Local-business interview,https://www.google.com/maps/search/?api=1&query=Carniceria+al+Cien%2C+Lompoc%2C+CA,,,LOM-CARNICERIA100,Momentum local business research; reviewed 2026-08
Foods Co — Lompoc,"601 W Central Ave, Lompoc, CA 93436",Markets,Business,"Local grocery store connection for career exploration, projects, and community outreach.",Grocery retail • Inventory • Customer service • Food operations,Retail • Logistics • Management • Customer service,Career exploration • Employment inquiry,https://www.foodsco.net/stores/grocery/ca/lompoc,,,LOM-FOODSCO,Momentum local business research; reviewed 2026-08
Grocery Outlet,"316 E Ocean Ave, Lompoc, CA 93436",Markets,Business,Discount grocery retail.,Retail • Inventory • Food • Customer service,,,https://www.groceryoutlet.com/circulars/storeid/214,,,LOM-GROCERY,Lompoc starter directory
Sunshine Market & Gas,"719 W Laurel Ave, Lompoc, CA 93436",Markets,Business,"Local market & fuel connection for career exploration, projects, and community outreach.",Convenience retail • Fuel service • Inventory • Customer service,Retail • Automotive service • Business • Customer service,Career exploration,https://sunshinefoodmartlompoc.com/,,,LOM-SUNSHINEMARKET,Momentum local business research; reviewed 2026-08
Super Carniceria La Chiquita,"819 W Laurel Ave, Lompoc, CA 93436",Markets,Business,"Local carniceria & market connection for career exploration, projects, and community outreach.",Meat market • Grocery retail • Food preparation • Customer service,Food service • Retail • Customer service,Career exploration,https://www.google.com/maps/search/?api=1&query=Super+Carniceria+La+Chiquita%2C+Lompoc%2C+CA,,,LOM-LACHIQUITA,Momentum local business research; reviewed 2026-08
Village Market,"3734 Constellation Rd, Lompoc, CA 93436",Markets,Business,"Local grocery store connection for career exploration, projects, and community outreach.",Grocery retail • Inventory • Customer service • Local market operations,Retail • Food service • Business • Customer service,Career exploration,https://www.google.com/maps/search/?api=1&query=Village+Market+Vandenberg+Village%2C+Lompoc%2C+CA,,,LOM-VILLAGEMARKET,Momentum local business research; reviewed 2026-08
Vons,"729 N H St, Lompoc, CA 93436",Markets,Business,Grocery and pharmacy careers.,Grocery • Bakery • Pharmacy • Customer service • Management,,,https://local.vons.com/vons/ca/lompoc/729-n-h-st.html,,,LOM-VONS,Lompoc starter directory
America's Job Center of California — Lompoc Services,"Lompoc, CA 93436",Nonprofits & Youth,Community Organization,"Local workforce development connection for career exploration, projects, and community outreach.",Job search support • Career counseling • Training referrals • Employer services,Workforce development • Human resources • Career counseling • Administration,Career planning • Training referral,https://www.sbcwdb.org/,,,LOM-AJCC,Momentum local business research; reviewed 2026-08
CommUnify — Lompoc Services,Lompoc service area,Nonprofits & Youth,Nonprofit,,Family services • Senior services • Youth support • Community assistance,Human services • Social work • Community outreach • Program administration,Potential partner inquiry,https://www.communifysb.org/,805-964-8857,,LOM-COMMUNIFY,Lompoc Valley Chamber member directory; reviewed 2026-08
Community Partners in Caring,"Lompoc, CA",Nonprofits & Youth,Nonprofit,Volunteer-supported services for older adults and adults with disabilities.,Volunteer service • Senior support • Transportation • Community care,,,https://partnersincaring.org/,,,LOM-PARTNERSCARING,Lompoc starter directory
Dick DeWees Community & Senior Center,"1120 W Ocean Ave, Lompoc, CA 93436",Nonprofits & Youth,Government,,Senior programs • Community events • Facility operations,Recreation • Event management • Human services • Facility operations,Community-event volunteer inquiry,https://www.cityoflompoc.com/home/components/facilitydirectory/facilitydirectory/109/242,805-875-8090,,LOM-DICK-DEWEES,City of Lompoc official website; reviewed 2026-08
Family Service Agency — Lompoc,"Lompoc, CA",Nonprofits & Youth,Nonprofit,Family and community support services.,Family support • Counseling • Youth services • Community programs,,,https://fsacares.org/,,,LOM-FSA,Lompoc starter directory
Feeding Lompoc — Lompoc Food Pantry,"Lompoc, CA 93436",Nonprofits & Youth,Nonprofit,Local food pantry supporting Lompoc families and coordinating volunteer help.,Food pantry • Food donation pickup • Community assistance • Volunteer coordination,Community service • Logistics • Food systems • Nonprofit operations,Volunteer inquiry • Service-learning partner,https://www.feedinglompoc.org/,,,LOM-FEEDING-LOMPOC,Momentum Lompoc directory v23.1.0
Foodbank of Santa Barbara County — North County,"North Santa Barbara County, including Lompoc",Nonprofits & Youth,Nonprofit,Countywide food-access organization with North County volunteer opportunities including Lompoc.,Food distribution • Nutrition education • Volunteer shifts • Community outreach,Nutrition • Logistics • Community health • Nonprofit management,Volunteer shifts • Service-learning inquiry,https://foodbanksbc.org/give-help/volunteer/,,volunteersb@foodbanksbc.org,LOM-FOODBANK-SBC,Momentum Lompoc directory v23.1.0
FUTURE for Lompoc Youth,"Lompoc, CA",Nonprofits & Youth,Nonprofit,Youth development and career-readiness programs.,Youth programs • Career readiness • Customer service training • Mentoring,,,https://www.futureforlompocyouth.org/,,,LOM-FUTURE,Lompoc starter directory
Good Samaritan Shelter / Bridgehouse,"2025 Sweeney Rd, Lompoc, CA 93436",Nonprofits & Youth,Nonprofit,,Emergency shelter • Housing support • Case management • Community outreach,Social work • Human services • Nonprofit operations • Case management,Volunteer or human-services inquiry,https://goodsamaritanshelter.org/,805-735-4390,,LOM-GOOD-SAM-BRIDGEHOUSE,Lompoc Valley Chamber member directory; reviewed 2026-08
Healthy Lompoc Coalition,"Lompoc, CA 93436",Nonprofits & Youth,Community Organization,"Local health coalition connection for career exploration, projects, and community outreach.",Community health • Wellness initiatives • Public outreach • Partnership coordination,Public health • Community service • Program management • Communications,Volunteer inquiry • Project partnership,https://www.google.com/maps/search/?api=1&query=Healthy+Lompoc+Coalition%2C+Lompoc%2C+CA,,,LOM-HEALTHYLOMPOC,Momentum local business research; reviewed 2026-08
Independent Living Resource Center — Lompoc Services,"Lompoc, CA 93436",Nonprofits & Youth,Nonprofit,"Local disability services connection for career exploration, projects, and community outreach.",Independent living support • Disability advocacy • Assistive resources • Benefits navigation,Human services • Advocacy • Public policy • Community outreach,Career exploration • Service-learning inquiry,https://ilrc-trico.org/,,,LOM-ILRC,Momentum local business research; reviewed 2026-08
Lompoc Community Benefit Foundation,"Lompoc, CA 93436",Nonprofits & Youth,Nonprofit,"Local community foundation connection for career exploration, projects, and community outreach.",Community grants • Philanthropy • Local partnerships • Nonprofit support,Nonprofit management • Finance • Community development • Communications,Volunteer inquiry • Project partnership,https://www.google.com/maps/search/?api=1&query=Lompoc+Community+Benefit+Foundation%2C+Lompoc%2C+CA,,,LOM-LCBF,Momentum local business research; reviewed 2026-08
Lompoc District Libraries Foundation,"501 E North Ave, Lompoc, CA 93436",Nonprofits & Youth,Nonprofit,Supports libraries in Lompoc and Vandenberg Village.,Library support • Literacy • Fundraising • Bookmobile support,Library science • Nonprofit management • Fundraising • Community outreach,Library-support volunteer inquiry,https://www.cityoflompoc.com/government/departments/library/how-you-can-help,,,LOM-LIBRARY-FOUNDATION,City of Lompoc official website; reviewed 2026-08
Lompoc High School Alumni Association,"P.O. Box 1146, Lompoc, CA 93438",Nonprofits & Youth,Nonprofit,,Alumni engagement • Scholarships • School support,Nonprofit management • Event planning • Fundraising • Education,Potential partner inquiry,,805-448-4295,,LOM-LHS-ALUMNI,Lompoc Valley Chamber member directory; reviewed 2026-08
Lompoc Police Foundation,"Lompoc, CA 93436",Nonprofits & Youth,Nonprofit,,Community awareness • Public safety support • Fundraising • Events,Public safety • Nonprofit management • Event planning • Community relations,Public-safety community event inquiry,https://www.lompocpolicefoundation.com/,,,LOM-POLICE-FOUNDATION,Official organization website; reviewed 2026-08
Lompoc Rotary Club,"Lompoc, CA 93436",Nonprofits & Youth,Nonprofit,,Community service • Scholarships • Local projects • Networking,Civic leadership • Fundraising • Event planning • Community service,Service-project inquiry,https://www.lompocrotary.com/,,,LOM-ROTARY,Lompoc Valley Chamber member directory; reviewed 2026-08
Lompoc Teen Center,"732 N H St, Lompoc, CA 93436",Nonprofits & Youth,Nonprofit,"Youth-focused center offering academic support, enrichment, college and career readiness, and internship opportunities.",After-school programs • Tutoring • Career readiness • Events • Internship opportunities,Youth development • Education • Nonprofit work • Event planning • Career services,Youth programs • Internship inquiry • Leadership development,https://www.lompocteencenter.org/,805-741-7904,info@lompocteencenter.org,LOM-TEEN-CENTER,Momentum Lompoc directory v23.1.0
Lompoc Valley AYSO,"Lompoc, CA 93436",Nonprofits & Youth,Community Organization,"Local youth sports connection for career exploration, projects, and community outreach.",Youth soccer • Coaching • Refereeing • Volunteer coordination,Sports management • Coaching • Youth development • Event operations,Volunteer inquiry • Career exploration,https://www.google.com/maps/search/?api=1&query=Lompoc+Valley+AYSO%2C+Lompoc%2C+CA,,,LOM-AYSO,Momentum local business research; reviewed 2026-08
Lompoc Valley Bicycle Club,"Lompoc, CA 93436",Nonprofits & Youth,Community Organization,"Local recreation club connection for career exploration, projects, and community outreach.",Cycling • Community rides • Safety education • Volunteer events,Recreation • Health and wellness • Event planning • Community service,Volunteer inquiry • Project partnership,https://www.google.com/maps/search/?api=1&query=Lompoc+Valley+Bicycle+Club%2C+Lompoc%2C+CA,,,LOM-BICYCLECLUB,Momentum local business research; reviewed 2026-08
Lompoc Valley Botanic & Horticultural Society,"Lompoc, CA 93436",Nonprofits & Youth,Community Organization,"Local horticulture organization connection for career exploration, projects, and community outreach.",Horticulture education • Garden projects • Community beautification • Volunteer service,Horticulture • Environmental science • Landscaping • Community service,Volunteer inquiry • Project partnership,https://www.google.com/maps/search/?api=1&query=Lompoc+Valley+Botanic+and+Horticultural+Society%2C+Lompoc%2C+CA,,,LOM-BOTANICSOCIETY,Momentum local business research; reviewed 2026-08
Lompoc Valley Distance Club,"Lompoc, CA 93436",Nonprofits & Youth,Community Organization,"Local running club connection for career exploration, projects, and community outreach.",Running programs • Fitness • Community events • Volunteer support,Recreation • Health and wellness • Coaching • Event planning,Volunteer inquiry • Career exploration,https://www.google.com/maps/search/?api=1&query=Lompoc+Valley+Distance+Club%2C+Lompoc%2C+CA,,,LOM-DISTANCECLUB,Momentum local business research; reviewed 2026-08
Lompoc Valley Festival Association,"414 W Ocean Ave, Lompoc, CA 93436",Nonprofits & Youth,Nonprofit,Volunteer-run organization coordinating major Lompoc community festivals and events.,Flower Festival • Parade • Community events • Volunteer coordination • Event planning,Event planning • Hospitality • Marketing • Operations • Community service,Event volunteer inquiry • Event-planning exploration,https://www.lompocvalleyfestivals.com/,805-735-8511,office@lompocvalleyfestivals.com,LOM-FESTIVAL-ASSOC,Momentum Lompoc directory v23.1.0
Lompoc Valley Genealogical Society,"Lompoc, CA 93436",Nonprofits & Youth,Community Organization,"Local historical & genealogy organization connection for career exploration, projects, and community outreach.",Genealogy research • Local history • Archives • Community education,History • Research • Library science • Community education,Volunteer inquiry • Research project partnership,https://www.google.com/maps/search/?api=1&query=Lompoc+Valley+Genealogical+Society%2C+Lompoc%2C+CA,,,LOM-GENEALOGICAL,Momentum local business research; reviewed 2026-08
Micah Mission Lompoc,"209 S Third St, Lompoc, CA 93436",Nonprofits & Youth,Nonprofit,,Street outreach • Basic needs support • Community service,Human services • Outreach • Volunteer coordination • Nonprofit work,Volunteer inquiry,https://www.micahmission.org/,805-260-6724,,LOM-MICAH-MISSION,Lompoc Valley Chamber member directory; reviewed 2026-08
North County Rape Crisis & Child Protection Center,"511 E Ocean Ave, Lompoc, CA 93438",Nonprofits & Youth,Nonprofit,,Crisis intervention • Prevention education • Advocacy,Social work • Counseling • Public education • Advocacy,Age-appropriate prevention-education inquiry,https://sbstesa.org/,805-736-8535,,LOM-NCRCCPC,Lompoc Valley Chamber member directory; reviewed 2026-08
Northern Santa Barbara County United Way,North Santa Barbara County,Nonprofits & Youth,Nonprofit,,Community programs • Fundraising • Volunteer coordination,Nonprofit management • Fundraising • Community outreach • Marketing,Potential partner inquiry,https://www.liveunitedsbc.org/,805-922-0329,,LOM-UNITED-WAY-NORTH,Lompoc Valley Chamber member directory; reviewed 2026-08
People's Self-Help Housing — Lompoc,Lompoc service area,Nonprofits & Youth,Nonprofit,,Affordable housing • Resident services • Property management • Community development,Housing services • Construction • Property management • Social services,Potential partner inquiry,https://www.pshhc.org/,,,LOM-PEOPLES-SELF-HELP,Official organization website; reviewed 2026-08
Place of Grace,"816 N C St, Lompoc, CA 93436",Nonprofits & Youth,Nonprofit,,Community gatherings • Service • Volunteer coordination,Community outreach • Event support • Nonprofit service,Potential partner inquiry,,805-736-9826,,LOM-PLACE-GRACE,Lompoc Valley Chamber member directory; reviewed 2026-08
Santa Barbara County 4-H — Lompoc Area,"Lompoc, CA 93436",Nonprofits & Youth,Community Organization,"Local youth development connection for career exploration, projects, and community outreach.",Youth leadership • Agriculture projects • STEM projects • Community service,Agriculture • Education • Youth development • STEM,Youth program inquiry • Volunteer inquiry,https://ucanr.edu/sites/sbc4h/,,,LOM-4H,Momentum local business research; reviewed 2026-08
Sleep in Heavenly Peace — Santa Barbara County North,North Santa Barbara County,Nonprofits & Youth,Nonprofit,,Bed building • Delivery • Youth support • Volunteer service,Carpentry • Logistics • Volunteer coordination • Nonprofit operations,Bed-build volunteer inquiry,https://shpbeds.org/chapter/ca-santa-barbara-county-n/,,,LOM-SHP-NORTH,Official organization website; reviewed 2026-08
United Boys & Girls Clubs — Lompoc,"Lompoc, CA",Nonprofits & Youth,Nonprofit,"Youth development, recreation, and learning programs.",Youth programs • Tutoring • Recreation • Mentoring,,,https://unitedbg.org/,,,LOM-UNITEDBOYS,Lompoc starter directory
Veggie Rescue,"3630 Sagunto St, Suite C-1, Santa Ynez, CA 93460",Nonprofits & Youth,Nonprofit,Santa Ynez Valley nonprofit that mobilizes volunteers to rescue surplus produce and other food and deliver it to organizations serving people facing food insecurity across Santa Barbara County.,Volunteer food rescue • Produce gleaning • Farm and food-business partnerships • Food delivery to community organizations • Food-waste reduction,Nonprofit service • Agriculture and food systems • Logistics • Sustainability • Community outreach,Volunteer inquiry • Service-learning exploration • Food-systems project connection • Community-impact interview,https://veggierescue.org/,(805) 350-9154,info@veggierescue.org,REG-VEGGIE-RESCUE,Official Veggie Rescue website and contact page; reviewed 2026-08
Youth Leadership Lompoc Valley,"Lompoc, CA 93436",Nonprofits & Youth,Nonprofit,,Leadership development • Community learning • Local government and business exposure,Leadership • Civic engagement • Communication • Community development,Program participation inquiry,https://lompoc.com/about-us/youth-leadership-lompoc-valley/,,,LOM-YOUTH-LEADERSHIP,Official organization website; reviewed 2026-08
Big 5 Sporting Goods — Lompoc,"Lompoc, CA 93436",Retail & Customer Service,Business,"Local sporting goods connection for career exploration, projects, and community outreach.",Sporting goods retail • Inventory • Customer service • Sales,Retail • Recreation • Sales • Management,Career exploration • Employment inquiry,https://www.big5sportinggoods.com/store/locator,,,LOM-BIG5,Momentum local business research; reviewed 2026-08
Box Shop,"740 N H St, Lompoc, CA 93436",Retail & Customer Service,Business,,Packing • Shipping • Mail services • Customer service,Logistics • Retail • Packaging • Customer service,Potential partner inquiry,,805-735-1567,,LOM-BOX-SHOP,Lompoc Valley Chamber member directory; reviewed 2026-08
Christian's Mattress Xpress,"663 W Central Ave, Lompoc, CA 93436",Retail & Customer Service,Business,"Local home furnishings connection for career exploration, projects, and community outreach.",Mattress sales • Customer service • Delivery coordination • Retail operations,Retail • Sales • Business • Logistics,Career exploration • Small-business interview,https://christiansmattress.com/,,,LOM-CHRISTIANSMATTRESS,Momentum local business research; reviewed 2026-08
Conway's Thrift,"322 N H St, Lompoc, CA 93436",Retail & Customer Service,Business,"Local thrift & resale connection for career exploration, projects, and community outreach.",Resale retail • Merchandising • Customer service • Inventory,Retail • Sustainability • Business • Customer service,Career exploration,https://www.google.com/maps/search/?api=1&query=Conway%27s+Thrift%2C+Lompoc%2C+CA,,,LOM-CONWAYSTHRIFT,Momentum local business research; reviewed 2026-08
CVS Pharmacy,"1317 N H St, Lompoc, CA 93436",Retail & Customer Service,Business,Pharmacy and retail careers.,Pharmacy • Retail • Customer service • Healthcare,,,https://www.cvs.com/store-locator/lompoc-ca-pharmacies/1317-n-h-st-lompoc-ca-93436/storeid=9876,,,LOM-CVS,Lompoc starter directory
Dollar Tree,"Lompoc, CA",Retail & Customer Service,Business,Discount retail.,Retail • Inventory • Customer service • Management,,,https://www.dollartree.com/locations/ca/lompoc/,,,LOM-DOLLARTREE,Lompoc starter directory
Goodson Orange,"703 E Ocean Ave, Lompoc, CA 93436",Retail & Customer Service,Business,"Local multi-vendor marketplace supporting small businesses, makers, and community events.",Local vendor marketplace • Retail • Community events • Customer service,Retail • Entrepreneurship • Marketing • Event planning,Career exploration • Local-maker interview,https://goodsonorange.com/,,,LOM-GOODSONORANGE,Momentum local business research; reviewed 2026-08
Goodwill Industries,"Lompoc, CA",Retail & Customer Service,Nonprofit,Thrift retail and workforce-development organization.,Retail • Job training • Donations • Customer service,,,https://www.goodwillsocal.org/,,,LOM-GOODWILL,Lompoc starter directory
Harbor Freight Tools,"609 N H St, Lompoc, CA 93436",Retail & Customer Service,Business,Tool and equipment retail.,Tools • Sales • Inventory • Customer service • Management,,,https://www.harborfreight.com/storelocator/609-n-h-st-lompoc-93436?number=683,,,LOM-HARBOR,Lompoc starter directory
Jupiter's Spark Collective,"101 S H St, Lompoc, CA 93436",Retail & Customer Service,Business,"Local collective featuring clothing, art, plants, and gifts.",Retail • Art • Fashion • Plants • Small business,,,https://explorelompoc.com/directory/jupiters-spark-collection/,,,LOM-JUPITER,Lompoc starter directory
Lompoc Thrift Store & Boutique,"330 W Ocean Ave, Lompoc, CA 93436",Retail & Customer Service,Business,"Local thrift & resale connection for career exploration, projects, and community outreach.",Resale retail • Merchandising • Donations • Customer service,Retail • Fashion • Sustainability • Business,Career exploration • Community retail inquiry,https://www.google.com/maps/search/?api=1&query=Lompoc+Thrift+Store+and+Boutique%2C+Lompoc%2C+CA,,,LOM-THRIFTBOUTIQUE,Momentum local business research; reviewed 2026-08
Marshalls,"Lompoc, CA",Retail & Customer Service,Business,Clothing and home-goods retail.,Retail • Inventory • Customer service • Merchandising,,,https://www.marshalls.com/us/store/stores/Lompoc-CA-93436/1624/aboutstore,,,LOM-MARSHALLS,Lompoc starter directory
Mary's Unique Thrift Shop,"117 S H St, Lompoc, CA 93436",Retail & Customer Service,Business,"Local thrift & resale connection for career exploration, projects, and community outreach.",Resale retail • Merchandising • Customer service • Small business,Retail • Fashion • Entrepreneurship • Customer service,Career exploration • Small-business interview,https://www.google.com/maps/search/?api=1&query=Mary%27s+Unique+Thrift+Shop%2C+Lompoc%2C+CA,,,LOM-MARYSUNIQUE,Momentum local business research; reviewed 2026-08
Old Navy — Lompoc,"Lompoc, CA 93436",Retail & Customer Service,Business,"Local clothing retail connection for career exploration, projects, and community outreach.",Clothing retail • Visual merchandising • Inventory • Customer service,Retail • Fashion • Marketing • Management,Career exploration • Employment inquiry,https://oldnavy.gap.com/stores,,,LOM-OLDNAVY,Momentum local business research; reviewed 2026-08
Reviving Hope Thrift,"646 N H St, Lompoc, CA 93436",Retail & Customer Service,Business,"Local thrift & resale connection for career exploration, projects, and community outreach.",Resale retail • Donations • Merchandising • Customer service,Retail • Nonprofit service • Sustainability • Business,Career exploration • Volunteer inquiry,https://www.google.com/maps/search/?api=1&query=Reviving+Hope+Thrift%2C+Lompoc%2C+CA,,,LOM-REVIVINGHOPE,Momentum local business research; reviewed 2026-08
Ross Dress for Less,"Lompoc, CA",Retail & Customer Service,Business,Clothing and home-goods retail.,Retail • Inventory • Customer service • Loss prevention,,,https://www.rossstores.com/store-locator/,,,LOM-ROSS,Lompoc starter directory
Staples,"Lompoc, CA",Retail & Customer Service,Business,"Office supplies, printing, and technology services.",Retail • Printing • Technology • Customer service,,,https://stores.staples.com/ca/lompoc,,,LOM-STAPLES,Lompoc starter directory
Surf Connection,"Lompoc, CA 93436",Retail & Customer Service,Business,,Surf equipment • Apparel • Retail • Local recreation knowledge,Retail • Outdoor recreation • Marketing • Small business,Potential partner inquiry,https://www.surfconnection.net/,,,LOM-SURF-CONNECTION,Official organization website; reviewed 2026-08
T-Mobile,"Lompoc, CA",Retail & Customer Service,Business,Technology sales and customer service.,Technology • Sales • Customer service • Mobile devices,,,https://www.t-mobile.com/stores/locator,,,LOM-TMOBILE,Lompoc starter directory
Target,"Lompoc, CA",Retail & Customer Service,Business,Large retail workplace with multiple departments.,Retail • Inventory • Customer service • Management,,,https://www.target.com/sl/lompoc/2760,,,LOM-TARGET,Lompoc starter directory
The Garden Shoppe,"Lompoc, CA 93436",Retail & Customer Service,Business,"Local garden center connection for career exploration, projects, and community outreach.",Plants and garden supplies • Customer service • Merchandising • Plant care,Horticulture • Retail • Landscaping • Business,Career exploration • Horticulture inquiry,https://www.google.com/maps/search/?api=1&query=The+Garden+Shoppe%2C+Lompoc%2C+CA,,,LOM-GARDENSHOPPE,Momentum local business research; reviewed 2026-08
TNT Sweet Repeats,"110 W Ocean Ave, Lompoc, CA 93436",Retail & Customer Service,Business,"Local thrift & resale connection for career exploration, projects, and community outreach.",Resale retail • Merchandising • Customer service • Small business,Retail • Fashion • Entrepreneurship • Sustainability,Career exploration • Small-business interview,https://www.google.com/maps/search/?api=1&query=TNT+Sweet+Repeats%2C+Lompoc%2C+CA,,,LOM-TNTSWEETREPEATS,Momentum local business research; reviewed 2026-08
Tractor Supply Co.,"1700 N H St, Lompoc, CA 93436",Retail & Customer Service,Business,"Farm, ranch, pet, and tool retail.",Agriculture • Animals • Tools • Retail • Inventory,,,https://www.tractorsupply.com/tsc/store_Lompoc-CA-93436_2037,,,LOM-TRACTOR,Lompoc starter directory
Verizon Authorized Retailer,"Lompoc, CA",Retail & Customer Service,Business,Technology sales and customer service.,Technology • Sales • Customer service • Mobile devices,,,https://www.verizon.com/stores/city/california/lompoc/,,,LOM-VERIZON,Lompoc starter directory
Walmart Supercenter,"701 W Central Ave, Lompoc, CA 93436",Retail & Customer Service,Business,Large retail workplace with many departments and career paths.,Customer service • Inventory • Pharmacy • Automotive • Management,,,https://www.walmart.com/store/1989-lompoc-ca,,,LOM-WALMART,Lompoc starter directory
"805 Plumbing, Inc.","Lompoc, CA 93436","Trades, Manufacturing & Energy",Business,Potential skilled-trades partner; availability must be confirmed.,Residential plumbing • Commercial plumbing • Repair service,Plumbing • Construction • Customer service • Small business,Potential partner inquiry,,805-734-7808,,LOM-805-PLUMBING,Lompoc Valley Chamber member directory; reviewed 2026-08
Accurate Heating & Air Conditioning,"811 E Chestnut Ave, Lompoc, CA 93436","Trades, Manufacturing & Energy",Business,,HVAC service • Installation • Diagnostics,HVAC • Mechanical systems • Electrical basics • Customer service,Potential partner inquiry,,805-743-3403,,LOM-ACCURATE-HVAC,Lompoc Valley Chamber member directory; reviewed 2026-08
Ampelos Cellars,"312 N 9th St, Suite A, Lompoc, CA 93436","Trades, Manufacturing & Energy",Business,"Local sustainable, organic, and biodynamic vineyard and production business; youth exploration should avoid alcohol-service roles.",Sustainable agriculture • Organic and biodynamic practices • Production • Marketing • Hospitality operations,Agriculture • Environmental science • Production • Business • Marketing,Age-appropriate sustainability career inquiry,https://www.ampeloscellars.com/,805-736-9957,rebecca@ampeloscellars.com,LOM-AMPELOS,Momentum Lompoc directory v23.1.0
Big E Produce,"Lompoc, CA 93436","Trades, Manufacturing & Energy",Business,Local produce company; confirm contact and student availability before outreach.,Produce growing • Packing • Distribution • Logistics,Agriculture • Food systems • Warehouse operations • Logistics,Agriculture career inquiry,,,,LOM-BIG-E-PRODUCE,Momentum local partner research; reviewed 2026-08
Dare 2 Dream Farms,"890 La Salle Canyon Rd, Lompoc, CA 93436","Trades, Manufacturing & Energy",Business,,Sustainable farming • Poultry • Farm stand • Agritourism • Small business,Agriculture • Animal care • Entrepreneurship • Hospitality • Marketing,Farm-career conversation inquiry,https://dare2dreamfarms.com/,805-735-3233,,LOM-DARE2DREAM,Official organization website; reviewed 2026-08
DenMat Holdings,"1017 W Central Ave, Lompoc, CA 93436","Trades, Manufacturing & Energy",Business,Dental manufacturing and business operations.,Manufacturing • Dental products • Quality control • Marketing • Shipping,,,https://www.denmat.com/,,,LOM-DENMAT,Lompoc starter directory
Energy and Environmental Operations,Lompoc area,"Trades, Manufacturing & Energy",Business,Energy and environmental career exploration.,Energy • Environmental science • Maintenance • Safety,,,https://www.exxonmobil.com/,,,LOM-EXXON,Lompoc starter directory
Flying Goat Cellars,"1520 E Chestnut Ct, Lompoc, CA 93436","Trades, Manufacturing & Energy",Business,"Family-owned local producer; student exploration should focus on agriculture, production, design, logistics, and business rather than alcohol service.",Agricultural production • Bottling and logistics • Marketing • Art exhibits • Customer experience,Agriculture • Production • Chemistry • Graphic design • Marketing,Age-appropriate production career inquiry,https://flyinggoatcellars.com/,805-736-9032,info@flyinggoatcellars.com,LOM-FLYING-GOAT,Momentum Lompoc directory v23.1.0
Imerys,Lompoc area,"Trades, Manufacturing & Energy",Business,"Industrial minerals, equipment, and technical careers.",Mining • Engineering • Equipment • Environmental science,,,https://www.imerys.com/,,,LOM-IMERYs,Lompoc starter directory
Jordan Farms — Lompoc,"Lompoc Valley, CA","Trades, Manufacturing & Energy",Business,Historic Lompoc farm protected through an agricultural conservation easement.,Farming • Land stewardship • Agricultural conservation,Agriculture • Environmental science • Land management • Food systems,Agriculture or conservation inquiry,https://www.sblandtrust.org/land/jordan-farms/,,,LOM-JORDAN-FARMS,Momentum local partner research; reviewed 2026-08
Lompoc Valley Seed & Milling,"Lompoc, CA 93436","Trades, Manufacturing & Energy",Business,"Local agricultural supply connection for career exploration, projects, and community outreach.",Agricultural supplies • Seed and feed • Inventory • Customer service,Agriculture • Retail • Logistics • Business,Career exploration • Agriculture inquiry,https://www.google.com/maps/search/?api=1&query=Lompoc+Valley+Seed+and+Milling%2C+Lompoc%2C+CA,,,LOM-SEEDMILLING,Momentum local business research; reviewed 2026-08
Lompoc Wine Factory,"321 N D St, Lompoc, CA 93436","Trades, Manufacturing & Energy",Business,Wine production and storage.,Winemaking • Production • Warehousing • Hospitality,,,https://explorelompoc.com/directory/lompoc-wine-factory/,,,LOM-WINEFACTORY,Lompoc starter directory
Mid Coast Glass,"913 N H St, Lompoc, CA 93438","Trades, Manufacturing & Energy",Business,,Glass products • Installation • Repair • Customer service,Glazing • Construction • Fabrication • Sales,Potential partner inquiry,https://members.lompoc.com/list/member/mid-coast-glass-1046,805-736-5811,,LOM-MID-COAST-GLASS,Lompoc Valley Chamber member directory; reviewed 2026-08
Miller Landscaping & Maintenance,"1321 E Ocean Ave, Lompoc, CA 93436","Trades, Manufacturing & Energy",Business,,Landscape maintenance • Outdoor construction • Plant care,Landscaping • Horticulture • Equipment operation • Small business,Potential partner inquiry,,805-736-5299,,LOM-MILLER-LANDSCAPING,Lompoc Valley Chamber member directory; reviewed 2026-08
Oliveira's Fashion Floors,"307 W Ocean Ave, Lompoc, CA 93436","Trades, Manufacturing & Energy",Business,,Flooring sales • Installation coordination • Interior finishes,Interior design • Flooring installation • Retail • Estimating,Potential partner inquiry,,805-736-2396,,LOM-OLIVEIRA-FLOORS,Lompoc Valley Chamber member directory; reviewed 2026-08
Pali Wine Co. / Tower 15,"1036 W Aviation Dr, Lompoc, CA 93436","Trades, Manufacturing & Energy",Business,Wine production and tasting.,Winemaking • Production • Hospitality • Sales,,,https://explorelompoc.com/directory/pali-wine-company/,,,LOM-PALI,Lompoc starter directory
RARE Electric,"432 Commerce Ct, Suite D, Lompoc, CA 93436","Trades, Manufacturing & Energy",Business,Local electrical and solar contractor.,Electrical work • Solar installation • Troubleshooting,Electrical trades • Solar energy • Construction safety • Project estimating,Potential partner inquiry,,805-736-0089,,LOM-RARE-ELECTRIC,Lompoc Valley Chamber member directory; reviewed 2026-08
Scott Reardon's Locksmith Service,"914 N H St, Lompoc, CA 93436","Trades, Manufacturing & Energy",Business,,Locksmithing • Security hardware • Mobile service,Locksmithing • Mechanical systems • Customer service • Entrepreneurship,Potential partner inquiry,,805-734-7259,,LOM-REARDON-LOCKSMITH,Lompoc Valley Chamber member directory; reviewed 2026-08
The Home Depot,"1701 E Ocean Ave, Lompoc, CA 93436","Trades, Manufacturing & Energy",Business,Home improvement and skilled-trade products.,Construction • Tools • Electrical • Plumbing • Retail,,,https://www.homedepot.com/l/Lompoc/CA/Lompoc/93436/6623,,,LOM-HOMEDEPOT,Lompoc starter directory
Topline Custom Tile & Stone,"Lompoc, CA 93436","Trades, Manufacturing & Energy",Business,Local tile and stone contractor.,Tile installation • Stonework • Finish construction,Tile setting • Design • Construction • Estimating,Potential partner inquiry,,805-944-8074,,LOM-TOPLINE-TILE,Lompoc Valley Chamber member directory; reviewed 2026-08
Universal Electric,"1507 E Chestnut Ave, Lompoc, CA 93436","Trades, Manufacturing & Energy",Business,,Electrical installation • Maintenance • Troubleshooting,Electrical trades • Construction safety • Project management,Potential partner inquiry,,805-351-7681,,LOM-UNIVERSAL-ELECTRIC,Lompoc Valley Chamber member directory; reviewed 2026-08
Valley Rock Landscape Supply,"2222 N H St, Lompoc, CA 93436","Trades, Manufacturing & Energy",Business,"Local landscape supply connection for career exploration, projects, and community outreach.",Landscape materials • Equipment operation • Sales • Delivery logistics,Landscaping • Construction • Logistics • Sales,Career exploration • Skilled-trades inquiry,https://valleyrocklandscapesupply.com/,,,LOM-VALLEYROCK,Momentum local business research; reviewed 2026-08
Wm. Rieck Plumbing,"801 E Chestnut Ave, Lompoc, CA 93436","Trades, Manufacturing & Energy",Business,,Plumbing • Repair • Installation • Customer service,Plumbing • Construction • Maintenance • Business operations,Potential partner inquiry,,805-736-2337,,LOM-RIECK-PLUMBING,Lompoc Valley Chamber member directory; reviewed 2026-08
"Young Air, Inc.","1528 Calle Miro, Lompoc, CA 93436","Trades, Manufacturing & Energy",Business,,HVAC installation • Maintenance • Diagnostics,HVAC • Mechanical systems • Customer service • Construction,Potential partner inquiry,,805-618-4206,,LOM-YOUNG-AIR,Lompoc Valley Chamber member directory; reviewed 2026-08
Zellers Farms,"2050 Sweeney Rd, Lompoc, CA 93436","Trades, Manufacturing & Energy",Business,Local farm business offering honey and seasonal fruit.,Local honey • Seasonal fruit • Farm retail • Agriculture,Agriculture • Food systems • Small business • Sales,Agriculture career inquiry,https://explorelompoc.com/directory/zellers-farms/,805-757-7906,,LOM-ZELLERS-FARMS,Momentum Lompoc directory v23.1.0
Jael & Jabez Salon and Spa,"437 N H St, Lompoc, CA 93436",Wellness & Personal Care,Business,Salon and spa services.,Cosmetology • Massage • Customer service • Small business,,,https://explorelompoc.com/directory/jael-jabez-salon-and-spa/,,,LOM-JAEL,Lompoc starter directory
Lompoc Aquatic Center,"207 W College Ave, Lompoc, CA 93436",Wellness & Personal Care,Government,,Aquatics • Swim instruction • Lifeguarding • Facility operations,Lifeguarding • Recreation • Coaching • Facility management,Career and certification inquiry,https://www.cityoflompoc.com/government/departments/parks-recreation/lompoc-aquatic-center,805-875-2782,,LOM-AQUATIC,City of Lompoc official website; reviewed 2026-08
Lompoc Family YMCA,"201 W College Ave, Lompoc, CA 93436",Wellness & Personal Care,Business,"Youth, fitness, and community programming.",Fitness • Youth programs • Aquatics • Community service,,,https://www.ciymca.org/locations/lompoc-family-ymca,,,LOM-YMCA,Lompoc starter directory
Lompoc Tsunami Aquatics,"Lompoc, CA 93436",Wellness & Personal Care,Community Organization,"Local aquatics organization connection for career exploration, projects, and community outreach.",Competitive swimming • Coaching • Youth development • Aquatics,Coaching • Sports management • Recreation • Youth development,Volunteer inquiry • Career exploration,https://www.google.com/maps/search/?api=1&query=Lompoc+Tsunami+Aquatics%2C+Lompoc%2C+CA,,,LOM-TSUNAMI,Momentum local business research; reviewed 2026-08
